START DATE,START TIME,START TIME ET,SUBJECT,LOCATION,DESCRIPTION,END DATE,END DATE ET,END TIME,END TIME ET,REMINDER OFF,REMINDER ON,REMINDER DATE,REMINDER TIME,REMINDER TIME ET,SHOWTIMEAS FREE,SHOWTIMEAS BUSY
02/21/25,01:05 PM,03:05 PM,Rangers at Royals,Surprise Stadium - Surprise,"Local Radio: 96.5 FM the Fan",02/21/25,02/21/25,04:05 PM,06:05 PM,FALSE,TRUE,02/21/25,12:05 PM,02:05 PM,FREE,BUSY
02/22/25,02:05 PM,03:05 PM,Royals at Dodgers,Camelback Ranch - Glendale,"Local Radio: 96.5 FM the Fan",02/22/25,02/22/25,05:05 PM,06:05 PM,FALSE,TRUE,02/22/25,01:05 PM,02:05 PM,FREE,BUSY
02/23/25,01:05 PM,03:05 PM,White Sox at Royals,Surprise Stadium - Surprise,"Local Radio: MLB Audio",02/23/25,02/23/25,04:05 PM,06:05 PM,FALSE,TRUE,02/23/25,12:05 PM,02:05 PM,FREE,BUSY
02/24/25,01:05 PM,03:05 PM,Athletics at Royals,Surprise Stadium - Surprise,"Local Radio: 96.5 FM the Fan",02/24/25,02/24/25,04:05 PM,06:05 PM,FALSE,TRUE,02/24/25,12:05 PM,02:05 PM,FREE,BUSY
02/25/25,02:05 PM,03:05 PM,Royals at Rangers,Surprise Stadium - Surprise,"Local Radio: KWOD 1660",02/25/25,02/25/25,05:05 PM,06:05 PM,FALSE,TRUE,02/25/25,01:05 PM,02:05 PM,FREE,BUSY
02/26/25,01:05 PM,03:05 PM,Rockies at Royals,Surprise Stadium - Surprise,"Local Radio: KWOD 1660",02/26/25,02/26/25,04:05 PM,06:05 PM,FALSE,TRUE,02/26/25,12:05 PM,02:05 PM,FREE,BUSY
02/27/25,02:10 PM,03:10 PM,Royals at Brewers,American Family Fields of Phoenix - Phoenix,"Local TV: FanDuel Sports Kansas City ----- Local Radio: KWOD 1660",02/27/25,02/27/25,05:10 PM,06:10 PM,FALSE,TRUE,02/27/25,01:10 PM,02:10 PM,FREE,BUSY
02/28/25,02:10 PM,03:10 PM,Royals at D-backs,Salt River Fields at Talking Stick - Scottsdale,"Local Radio: MLB Audio",02/28/25,02/28/25,05:10 PM,06:10 PM,FALSE,TRUE,02/28/25,01:10 PM,02:10 PM,FREE,BUSY
03/01/25,06:05 PM,08:05 PM,Cubs at Royals,Surprise Stadium - Surprise,"Local Radio: 96.5 FM the Fan",03/01/25,03/01/25,09:05 PM,11:05 PM,FALSE,TRUE,03/01/25,05:05 PM,07:05 PM,FREE,BUSY
03/02/25,02:10 PM,03:10 PM,Royals at Padres,Peoria Stadium - Peoria,"Local Radio: MLB Audio",03/02/25,03/02/25,05:10 PM,06:10 PM,FALSE,TRUE,03/02/25,01:10 PM,02:10 PM,FREE,BUSY
03/03/25,01:05 PM,03:05 PM,Rangers at Royals,Surprise Stadium - Surprise,"Local Radio: KWOD 1660",03/03/25,03/03/25,04:05 PM,06:05 PM,FALSE,TRUE,03/03/25,12:05 PM,02:05 PM,FREE,BUSY
03/05/25,06:05 PM,08:05 PM,Mariners at Royals,Surprise Stadium - Surprise,"Local Radio: MLB Audio",03/05/25,03/05/25,09:05 PM,11:05 PM,FALSE,TRUE,03/05/25,05:05 PM,07:05 PM,FREE,BUSY
03/06/25,07:05 PM,08:05 PM,Royals at Cubs,Sloan Park - Mesa,"Local Radio: 96.5 FM the Fan",03/06/25,03/06/25,10:05 PM,11:05 PM,FALSE,TRUE,03/06/25,06:05 PM,07:05 PM,FREE,BUSY
03/07/25,01:05 PM,03:05 PM,Angels at Royals,Surprise Stadium - Surprise,"Local Radio: MLB Audio",03/07/25,03/07/25,04:05 PM,06:05 PM,FALSE,TRUE,03/07/25,12:05 PM,02:05 PM,FREE,BUSY
03/08/25,02:05 PM,03:05 PM,Royals at Giants,Scottsdale Stadium - Scottsdale,"",03/08/25,03/08/25,05:05 PM,06:05 PM,FALSE,TRUE,03/08/25,01:05 PM,02:05 PM,FREE,BUSY
03/08/25,02:05 PM,03:05 PM,Royals at Rangers,Surprise Stadium - Surprise,"Local Radio: MLB Audio",03/08/25,03/08/25,05:05 PM,06:05 PM,FALSE,TRUE,03/08/25,01:05 PM,02:05 PM,FREE,BUSY
03/09/25,01:05 PM,04:05 PM,Brewers at Royals,Surprise Stadium - Surprise,"Local TV: FanDuel Sports Kansas City- MLBN (out-of-market only) ----- Local Radio: 96.5 FM the Fan",03/09/25,03/09/25,04:05 PM,07:05 PM,FALSE,TRUE,03/09/25,12:05 PM,03:05 PM,FREE,BUSY
03/10/25,01:05 PM,04:05 PM,Guardians at Royals,Surprise Stadium - Surprise,"Local Radio: MLB Audio",03/10/25,03/10/25,04:05 PM,07:05 PM,FALSE,TRUE,03/10/25,12:05 PM,03:05 PM,FREE,BUSY
03/11/25,03:10 PM,04:10 PM,Royals at D-backs,Salt River Fields at Talking Stick - Scottsdale,"Local Radio: KWOD 1660",03/11/25,03/11/25,06:10 PM,07:10 PM,FALSE,TRUE,03/11/25,02:10 PM,03:10 PM,FREE,BUSY
03/12/25,03:10 PM,04:10 PM,Royals at Mariners,Peoria Stadium - Peoria,"Local Radio: MLB Audio",03/12/25,03/12/25,06:10 PM,07:10 PM,FALSE,TRUE,03/12/25,02:10 PM,03:10 PM,FREE,BUSY
03/13/25,12:15 PM,03:15 PM,Padres at Royals,Surprise Stadium - Surprise,"Local Radio: MLB Audio",03/13/25,03/13/25,03:15 PM,06:15 PM,FALSE,TRUE,03/13/25,11:15 AM,02:15 PM,FREE,BUSY
03/14/25,03:10 PM,04:10 PM,Royals at Angels,Tempe Diablo Stadium - Tempe,"Local TV: FanDuel Sports Kansas City ----- Local Radio: MLB Audio",03/14/25,03/14/25,06:10 PM,07:10 PM,FALSE,TRUE,03/14/25,02:10 PM,03:10 PM,FREE,BUSY
03/15/25,03:05 PM,04:05 PM,Royals at Reds,Goodyear Ballpark - Goodyear,"",03/15/25,03/15/25,06:05 PM,07:05 PM,FALSE,TRUE,03/15/25,02:05 PM,03:05 PM,FREE,BUSY
03/15/25,01:05 PM,04:05 PM,Guardians at Royals,Surprise Stadium - Surprise,"Local TV: FanDuel Sports Kansas City ----- Local Radio: 96.5 FM the Fan",03/15/25,03/15/25,04:05 PM,07:05 PM,FALSE,TRUE,03/15/25,12:05 PM,03:05 PM,FREE,BUSY
03/16/25,03:10 PM,04:10 PM,Royals at Rockies,Salt River Fields at Talking Stick - Scottsdale,"Local Radio: 96.5 FM the Fan",03/16/25,03/16/25,06:10 PM,07:10 PM,FALSE,TRUE,03/16/25,02:10 PM,03:10 PM,FREE,BUSY
03/17/25,01:05 PM,04:05 PM,D-backs at Royals,Surprise Stadium - Surprise,"Local Radio: MLB Audio",03/17/25,03/17/25,04:05 PM,07:05 PM,FALSE,TRUE,03/17/25,12:05 PM,03:05 PM,FREE,BUSY
03/19/25,06:05 PM,09:05 PM,Giants at Royals,Surprise Stadium - Surprise,"Local TV: FanDuel Sports Kansas City- MLBN (out-of-market only) ----- Local Radio: 96.5 FM the Fan",03/19/25,03/20/25,09:05 PM,12:05 AM,FALSE,TRUE,03/19/25,05:05 PM,08:05 PM,FREE,BUSY
03/20/25,03:05 PM,04:05 PM,Royals at Reds,Goodyear Ballpark - Goodyear,"Local Radio: MLB Audio",03/20/25,03/20/25,06:05 PM,07:05 PM,FALSE,TRUE,03/20/25,02:05 PM,03:05 PM,FREE,BUSY
03/21/25,01:05 PM,04:05 PM,Mariners at Royals,Surprise Stadium - Surprise,"Local Radio: MLB Audio",03/21/25,03/21/25,04:05 PM,07:05 PM,FALSE,TRUE,03/21/25,12:05 PM,03:05 PM,FREE,BUSY
03/21/25,03:05 PM,04:05 PM,Royals at Athletics,Hohokam Stadium - Mesa,"",03/21/25,03/21/25,06:05 PM,07:05 PM,FALSE,TRUE,03/21/25,02:05 PM,03:05 PM,FREE,BUSY
03/22/25,02:05 PM,03:05 PM,Royals at Rangers,Surprise Stadium - Surprise,"Local Radio: 96.5 FM the Fan",03/22/25,03/22/25,05:05 PM,06:05 PM,FALSE,TRUE,03/22/25,01:05 PM,02:05 PM,FREE,BUSY
03/24/25,07:05 PM,08:05 PM,Royals at Rangers,Globe Life Field - Arlington,"Local Radio: 96.5 FM the Fan",03/24/25,03/24/25,10:05 PM,11:05 PM,FALSE,TRUE,03/24/25,06:05 PM,07:05 PM,FREE,BUSY
03/25/25,01:35 PM,02:35 PM,Royals at Rangers,Globe Life Field - Arlington,"Local Radio: MLB Audio",03/25/25,03/25/25,04:35 PM,05:35 PM,FALSE,TRUE,03/25/25,12:35 PM,01:35 PM,FREE,BUSY
03/27/25,03:10 PM,04:10 PM,Guardians at Royals,Kauffman Stadium - Kansas City,"Local TV: FanDuel Sports Kansas City ----- Local Radio: 96.5 FM the Fan",03/27/25,03/27/25,06:10 PM,07:10 PM,FALSE,TRUE,03/27/25,02:10 PM,03:10 PM,FREE,BUSY
03/29/25,03:10 PM,04:10 PM,Guardians at Royals,Kauffman Stadium - Kansas City,"Local TV: FanDuel Sports Kansas City ----- Local Radio: 96.5 FM the Fan",03/29/25,03/29/25,06:10 PM,07:10 PM,FALSE,TRUE,03/29/25,02:10 PM,03:10 PM,FREE,BUSY
03/30/25,01:10 PM,02:10 PM,Guardians at Royals,Kauffman Stadium - Kansas City,"Local TV: FanDuel Sports Kansas City ----- Local Radio: 96.5 FM the Fan",03/30/25,03/30/25,04:10 PM,05:10 PM,FALSE,TRUE,03/30/25,12:10 PM,01:10 PM,FREE,BUSY
03/31/25,01:10 PM,02:10 PM,Royals at Brewers,American Family Field - Milwaukee,"Local TV: FanDuel Sports Kansas City ----- Local Radio: 96.5 FM the Fan",03/31/25,03/31/25,04:10 PM,05:10 PM,FALSE,TRUE,03/31/25,12:10 PM,01:10 PM,FREE,BUSY
04/01/25,06:40 PM,07:40 PM,Royals at Brewers,American Family Field - Milwaukee,"Local TV: FanDuel Sports Kansas City ----- Local Radio: 96.5 FM the Fan",04/01/25,04/01/25,09:40 PM,10:40 PM,FALSE,TRUE,04/01/25,05:40 PM,06:40 PM,FREE,BUSY
04/02/25,12:10 PM,01:10 PM,Royals at Brewers,American Family Field - Milwaukee,"Local TV: FanDuel Sports Kansas City ----- Local Radio: 96.5 FM the Fan",04/02/25,04/02/25,03:10 PM,04:10 PM,FALSE,TRUE,04/02/25,11:10 AM,12:10 PM,FREE,BUSY
04/04/25,06:40 PM,07:40 PM,Orioles at Royals,Kauffman Stadium - Kansas City,"Local TV: FanDuel Sports Kansas City ----- Local Radio: 96.5 FM the Fan",04/04/25,04/04/25,09:40 PM,10:40 PM,FALSE,TRUE,04/04/25,05:40 PM,06:40 PM,FREE,BUSY
04/05/25,03:10 PM,04:10 PM,Orioles at Royals,Kauffman Stadium - Kansas City,"Local TV: FanDuel Sports Kansas City ----- Local Radio: 96.5 FM the Fan",04/05/25,04/05/25,06:10 PM,07:10 PM,FALSE,TRUE,04/05/25,02:10 PM,03:10 PM,FREE,BUSY
04/06/25,01:10 PM,02:10 PM,Orioles at Royals,Kauffman Stadium - Kansas City,"Local TV: FanDuel Sports Kansas City- KCTV5/KSMO ----- Local Radio: 96.5 FM the Fan",04/06/25,04/06/25,04:10 PM,05:10 PM,FALSE,TRUE,04/06/25,12:10 PM,01:10 PM,FREE,BUSY
04/07/25,06:40 PM,07:40 PM,Twins at Royals,Kauffman Stadium - Kansas City,"Local TV: FanDuel Sports Kansas City ----- Local Radio: 96.5 FM the Fan",04/07/25,04/07/25,09:40 PM,10:40 PM,FALSE,TRUE,04/07/25,05:40 PM,06:40 PM,FREE,BUSY
04/08/25,06:40 PM,07:40 PM,Twins at Royals,Kauffman Stadium - Kansas City,"Local TV: FanDuel Sports Kansas City ----- Local Radio: 96.5 FM the Fan",04/08/25,04/08/25,09:40 PM,10:40 PM,FALSE,TRUE,04/08/25,05:40 PM,06:40 PM,FREE,BUSY
04/09/25,06:40 PM,07:40 PM,Twins at Royals,Kauffman Stadium - Kansas City,"Local TV: FanDuel Sports Kansas City ----- Local Radio: 96.5 FM the Fan",04/09/25,04/09/25,09:40 PM,10:40 PM,FALSE,TRUE,04/09/25,05:40 PM,06:40 PM,FREE,BUSY
04/10/25,01:10 PM,02:10 PM,Twins at Royals,Kauffman Stadium - Kansas City,"Local TV: FanDuel Sports Kansas City ----- Local Radio: 96.5 FM the Fan",04/10/25,04/10/25,04:10 PM,05:10 PM,FALSE,TRUE,04/10/25,12:10 PM,01:10 PM,FREE,BUSY
04/11/25,05:10 PM,06:10 PM,Royals at Guardians,Progressive Field - Cleveland,"Local TV: FanDuel Sports Kansas City ----- Local Radio: 96.5 FM the Fan",04/11/25,04/11/25,08:10 PM,09:10 PM,FALSE,TRUE,04/11/25,04:10 PM,05:10 PM,FREE,BUSY
04/12/25,05:10 PM,06:10 PM,Royals at Guardians,Progressive Field - Cleveland,"Local TV: FanDuel Sports Kansas City ----- Local Radio: 96.5 FM the Fan",04/12/25,04/12/25,08:10 PM,09:10 PM,FALSE,TRUE,04/12/25,04:10 PM,05:10 PM,FREE,BUSY
04/13/25,12:40 PM,01:40 PM,Royals at Guardians,Progressive Field - Cleveland,"Local TV: FanDuel Sports Kansas City ----- Local Radio: 96.5 FM the Fan",04/13/25,04/13/25,03:40 PM,04:40 PM,FALSE,TRUE,04/13/25,11:40 AM,12:40 PM,FREE,BUSY
04/14/25,06:05 PM,07:05 PM,Royals at Yankees,Yankee Stadium - Bronx,"Local TV: FanDuel Sports Kansas City- MLBN ----- Local Radio: 96.5 FM the Fan",04/14/25,04/14/25,09:05 PM,10:05 PM,FALSE,TRUE,04/14/25,05:05 PM,06:05 PM,FREE,BUSY
04/15/25,06:05 PM,07:05 PM,Royals at Yankees,Yankee Stadium - Bronx,"Local TV: FanDuel Sports Kansas City ----- Local Radio: 96.5 FM the Fan",04/15/25,04/15/25,09:05 PM,10:05 PM,FALSE,TRUE,04/15/25,05:05 PM,06:05 PM,FREE,BUSY
04/16/25,06:05 PM,07:05 PM,Royals at Yankees,Yankee Stadium - Bronx,"Local TV: FanDuel Sports Kansas City ----- Local Radio: 96.5 FM the Fan",04/16/25,04/16/25,09:05 PM,10:05 PM,FALSE,TRUE,04/16/25,05:05 PM,06:05 PM,FREE,BUSY
04/17/25,05:40 PM,06:40 PM,Royals at Tigers,Comerica Park - Detroit,"Local TV: FanDuel Sports Kansas City- FS1 ----- Local Radio: 96.5 FM the Fan",04/17/25,04/17/25,08:40 PM,09:40 PM,FALSE,TRUE,04/17/25,04:40 PM,05:40 PM,FREE,BUSY
04/18/25,05:40 PM,06:40 PM,Royals at Tigers,Comerica Park - Detroit,"Local TV: FanDuel Sports Kansas City ----- Local Radio: 96.5 FM the Fan",04/18/25,04/18/25,08:40 PM,09:40 PM,FALSE,TRUE,04/18/25,04:40 PM,05:40 PM,FREE,BUSY
04/19/25,12:10 PM,01:10 PM,Royals at Tigers,Comerica Park - Detroit,"Local TV: FanDuel Sports Kansas City ----- Local Radio: 96.5 FM the Fan",04/19/25,04/19/25,03:10 PM,04:10 PM,FALSE,TRUE,04/19/25,11:10 AM,12:10 PM,FREE,BUSY
04/20/25,12:40 PM,01:40 PM,Royals at Tigers,Comerica Park - Detroit,"Local TV: FanDuel Sports Kansas City ----- Local Radio: 96.5 FM the Fan",04/20/25,04/20/25,03:40 PM,04:40 PM,FALSE,TRUE,04/20/25,11:40 AM,12:40 PM,FREE,BUSY
04/22/25,06:40 PM,07:40 PM,Rockies at Royals,Kauffman Stadium - Kansas City,"Local TV: FanDuel Sports Kansas City ----- Local Radio: 96.5 FM the Fan",04/22/25,04/22/25,09:40 PM,10:40 PM,FALSE,TRUE,04/22/25,05:40 PM,06:40 PM,FREE,BUSY
04/23/25,06:40 PM,07:40 PM,Rockies at Royals,Kauffman Stadium - Kansas City,"Local TV: FanDuel Sports Kansas City ----- Local Radio: 96.5 FM the Fan",04/23/25,04/23/25,09:40 PM,10:40 PM,FALSE,TRUE,04/23/25,05:40 PM,06:40 PM,FREE,BUSY
04/24/25,01:10 PM,02:10 PM,Rockies at Royals,Kauffman Stadium - Kansas City,"Local TV: FanDuel Sports Kansas City ----- Local Radio: 96.5 FM the Fan",04/24/25,04/24/25,04:10 PM,05:10 PM,FALSE,TRUE,04/24/25,12:10 PM,01:10 PM,FREE,BUSY
04/25/25,06:40 PM,07:40 PM,Astros at Royals,Kauffman Stadium - Kansas City,"Local TV: FanDuel Sports Kansas City ----- Local Radio: 96.5 FM the Fan",04/25/25,04/25/25,09:40 PM,10:40 PM,FALSE,TRUE,04/25/25,05:40 PM,06:40 PM,FREE,BUSY
04/26/25,06:10 PM,07:10 PM,Astros at Royals,Kauffman Stadium - Kansas City,"Local TV: FanDuel Sports Kansas City- FS1 ----- Local Radio: 96.5 FM the Fan",04/26/25,04/26/25,09:10 PM,10:10 PM,FALSE,TRUE,04/26/25,05:10 PM,06:10 PM,FREE,BUSY
04/27/25,01:10 PM,02:10 PM,Astros at Royals,Kauffman Stadium - Kansas City,"Local TV: FanDuel Sports Kansas City- KSMO ----- Local Radio: 96.5 FM the Fan",04/27/25,04/27/25,04:10 PM,05:10 PM,FALSE,TRUE,04/27/25,12:10 PM,01:10 PM,FREE,BUSY
04/29/25,06:05 PM,07:05 PM,Royals at Rays,George M. Steinbrenner Field - Tampa,"Local TV: FanDuel Sports Kansas City ----- Local Radio: 96.5 FM the Fan",04/29/25,04/29/25,09:05 PM,10:05 PM,FALSE,TRUE,04/29/25,05:05 PM,06:05 PM,FREE,BUSY
04/30/25,06:05 PM,07:05 PM,Royals at Rays,George M. Steinbrenner Field - Tampa,"Local TV: FanDuel Sports Kansas City ----- Local Radio: 96.5 FM the Fan",04/30/25,04/30/25,09:05 PM,10:05 PM,FALSE,TRUE,04/30/25,05:05 PM,06:05 PM,FREE,BUSY
05/01/25,12:10 PM,01:10 PM,Royals at Rays,George M. Steinbrenner Field - Tampa,"Local TV: FanDuel Sports Kansas City ----- Local Radio: 96.5 FM the Fan",05/01/25,05/01/25,03:10 PM,04:10 PM,FALSE,TRUE,05/01/25,11:10 AM,12:10 PM,FREE,BUSY
05/02/25,06:05 PM,07:05 PM,Royals at Orioles,Oriole Park at Camden Yards - Baltimore,"Local TV: FanDuel Sports Kansas City ----- Local Radio: 96.5 FM the Fan",05/02/25,05/02/25,09:05 PM,10:05 PM,FALSE,TRUE,05/02/25,05:05 PM,06:05 PM,FREE,BUSY
05/03/25,06:15 PM,07:15 PM,Royals at Orioles,Oriole Park at Camden Yards - Baltimore,"Local TV: FOX ----- Local Radio: 96.5 FM the Fan",05/03/25,05/03/25,09:15 PM,10:15 PM,FALSE,TRUE,05/03/25,05:15 PM,06:15 PM,FREE,BUSY
05/04/25,12:35 PM,01:35 PM,Royals at Orioles,Oriole Park at Camden Yards - Baltimore,"Local TV: FanDuel Sports Kansas City ----- Local Radio: 96.5 FM the Fan",05/04/25,05/04/25,03:35 PM,04:35 PM,FALSE,TRUE,05/04/25,11:35 AM,12:35 PM,FREE,BUSY
05/05/25,06:40 PM,07:40 PM,White Sox at Royals,Kauffman Stadium - Kansas City,"Local TV: FanDuel Sports Kansas City ----- Local Radio: 96.5 FM the Fan",05/05/25,05/05/25,09:40 PM,10:40 PM,FALSE,TRUE,05/05/25,05:40 PM,06:40 PM,FREE,BUSY
05/06/25,06:40 PM,07:40 PM,White Sox at Royals,Kauffman Stadium - Kansas City,"Local TV: FanDuel Sports Kansas City ----- Local Radio: 96.5 FM the Fan",05/06/25,05/06/25,09:40 PM,10:40 PM,FALSE,TRUE,05/06/25,05:40 PM,06:40 PM,FREE,BUSY
05/07/25,06:40 PM,07:40 PM,White Sox at Royals,Kauffman Stadium - Kansas City,"Local TV: FanDuel Sports Kansas City ----- Local Radio: 96.5 FM the Fan",05/07/25,05/07/25,09:40 PM,10:40 PM,FALSE,TRUE,05/07/25,05:40 PM,06:40 PM,FREE,BUSY
05/08/25,01:10 PM,02:10 PM,White Sox at Royals,Kauffman Stadium - Kansas City,"Local TV: FanDuel Sports Kansas City ----- Local Radio: 96.5 FM the Fan",05/08/25,05/08/25,04:10 PM,05:10 PM,FALSE,TRUE,05/08/25,12:10 PM,01:10 PM,FREE,BUSY
05/09/25,06:40 PM,07:40 PM,Red Sox at Royals,Kauffman Stadium - Kansas City,"Local TV: FanDuel Sports Kansas City ----- Local Radio: 96.5 FM the Fan",05/09/25,05/09/25,09:40 PM,10:40 PM,FALSE,TRUE,05/09/25,05:40 PM,06:40 PM,FREE,BUSY
05/10/25,06:10 PM,07:10 PM,Red Sox at Royals,Kauffman Stadium - Kansas City,"Local TV: FanDuel Sports Kansas City ----- Local Radio: 96.5 FM the Fan",05/10/25,05/10/25,09:10 PM,10:10 PM,FALSE,TRUE,05/10/25,05:10 PM,06:10 PM,FREE,BUSY
05/11/25,01:10 PM,02:10 PM,Red Sox at Royals,Kauffman Stadium - Kansas City,"Local TV: FanDuel Sports Kansas City ----- Local Radio: 96.5 FM the Fan",05/11/25,05/11/25,04:10 PM,05:10 PM,FALSE,TRUE,05/11/25,12:10 PM,01:10 PM,FREE,BUSY
05/12/25,07:10 PM,08:10 PM,Royals at Astros,Daikin Park - Houston,"Local TV: FanDuel Sports Kansas City ----- Local Radio: 96.5 FM the Fan",05/12/25,05/12/25,10:10 PM,11:10 PM,FALSE,TRUE,05/12/25,06:10 PM,07:10 PM,FREE,BUSY
05/13/25,07:10 PM,08:10 PM,Royals at Astros,Daikin Park - Houston,"Local TV: FanDuel Sports Kansas City ----- Local Radio: 96.5 FM the Fan",05/13/25,05/13/25,10:10 PM,11:10 PM,FALSE,TRUE,05/13/25,06:10 PM,07:10 PM,FREE,BUSY
05/14/25,07:10 PM,08:10 PM,Royals at Astros,Daikin Park - Houston,"Local TV: FanDuel Sports Kansas City ----- Local Radio: 96.5 FM the Fan",05/14/25,05/14/25,10:10 PM,11:10 PM,FALSE,TRUE,05/14/25,06:10 PM,07:10 PM,FREE,BUSY
05/16/25,06:40 PM,07:40 PM,Cardinals at Royals,Kauffman Stadium - Kansas City,"Local TV: FanDuel Sports Kansas City ----- Local Radio: 96.5 FM the Fan",05/16/25,05/16/25,09:40 PM,10:40 PM,FALSE,TRUE,05/16/25,05:40 PM,06:40 PM,FREE,BUSY
05/17/25,06:10 PM,07:10 PM,Cardinals at Royals,Kauffman Stadium - Kansas City,"Local TV: FanDuel Sports Kansas City ----- Local Radio: 96.5 FM the Fan",05/17/25,05/17/25,09:10 PM,10:10 PM,FALSE,TRUE,05/17/25,05:10 PM,06:10 PM,FREE,BUSY
05/18/25,01:10 PM,02:10 PM,Cardinals at Royals,Kauffman Stadium - Kansas City,"Local TV: FanDuel Sports Kansas City- KSMO ----- Local Radio: 96.5 FM the Fan",05/18/25,05/18/25,04:10 PM,05:10 PM,FALSE,TRUE,05/18/25,12:10 PM,01:10 PM,FREE,BUSY
05/19/25,08:45 PM,09:45 PM,Royals at Giants,Oracle Park - San Francisco,"Local TV: FanDuel Sports Kansas City ----- Local Radio: 96.5 FM the Fan",05/19/25,05/20/25,11:45 PM,12:45 AM,FALSE,TRUE,05/19/25,07:45 PM,08:45 PM,FREE,BUSY
05/20/25,08:45 PM,09:45 PM,Royals at Giants,Oracle Park - San Francisco,"Local TV: FanDuel Sports Kansas City ----- Local Radio: 96.5 FM the Fan",05/20/25,05/21/25,11:45 PM,12:45 AM,FALSE,TRUE,05/20/25,07:45 PM,08:45 PM,FREE,BUSY
05/21/25,02:45 PM,03:45 PM,Royals at Giants,Oracle Park - San Francisco,"Local TV: FanDuel Sports Kansas City ----- Local Radio: 96.5 FM the Fan",05/21/25,05/21/25,05:45 PM,06:45 PM,FALSE,TRUE,05/21/25,01:45 PM,02:45 PM,FREE,BUSY
05/23/25,07:10 PM,08:10 PM,Royals at Twins,Target Field - Minneapolis,"Local TV: FanDuel Sports Kansas City ----- Local Radio: 96.5 FM the Fan",05/23/25,05/23/25,10:10 PM,11:10 PM,FALSE,TRUE,05/23/25,06:10 PM,07:10 PM,FREE,BUSY
05/24/25,01:10 PM,02:10 PM,Royals at Twins,Target Field - Minneapolis,"Local TV: FanDuel Sports Kansas City ----- Local Radio: 96.5 FM the Fan",05/24/25,05/24/25,04:10 PM,05:10 PM,FALSE,TRUE,05/24/25,12:10 PM,01:10 PM,FREE,BUSY
05/25/25,01:10 PM,02:10 PM,Royals at Twins,Target Field - Minneapolis,"Local TV: FanDuel Sports Kansas City ----- Local Radio: 96.5 FM the Fan",05/25/25,05/25/25,04:10 PM,05:10 PM,FALSE,TRUE,05/25/25,12:10 PM,01:10 PM,FREE,BUSY
05/26/25,03:10 PM,04:10 PM,Reds at Royals,Kauffman Stadium - Kansas City,"Local TV: FanDuel Sports Kansas City- KCTV5/KSMO ----- Local Radio: 96.5 FM the Fan",05/26/25,05/26/25,06:10 PM,07:10 PM,FALSE,TRUE,05/26/25,02:10 PM,03:10 PM,FREE,BUSY
05/27/25,06:40 PM,07:40 PM,Reds at Royals,Kauffman Stadium - Kansas City,"Local TV: FanDuel Sports Kansas City ----- Local Radio: 96.5 FM the Fan",05/27/25,05/27/25,09:40 PM,10:40 PM,FALSE,TRUE,05/27/25,05:40 PM,06:40 PM,FREE,BUSY
05/28/25,06:40 PM,07:40 PM,Reds at Royals,Kauffman Stadium - Kansas City,"Local TV: FanDuel Sports Kansas City ----- Local Radio: 96.5 FM the Fan",05/28/25,05/28/25,09:40 PM,10:40 PM,FALSE,TRUE,05/28/25,05:40 PM,06:40 PM,FREE,BUSY
05/30/25,07:10 PM,08:10 PM,Tigers at Royals,Kauffman Stadium - Kansas City,"Local TV: FanDuel Sports Kansas City ----- Local Radio: 96.5 FM the Fan",05/30/25,05/30/25,10:10 PM,11:10 PM,FALSE,TRUE,05/30/25,06:10 PM,07:10 PM,FREE,BUSY
05/31/25,03:10 PM,04:10 PM,Tigers at Royals,Kauffman Stadium - Kansas City,"Local TV: FanDuel Sports Kansas City ----- Local Radio: 96.5 FM the Fan",05/31/25,05/31/25,06:10 PM,07:10 PM,FALSE,TRUE,05/31/25,02:10 PM,03:10 PM,FREE,BUSY
06/01/25,01:10 PM,02:10 PM,Tigers at Royals,Kauffman Stadium - Kansas City,"Local TV: FanDuel Sports Kansas City- KSMO ----- Local Radio: 96.5 FM the Fan",06/01/25,06/01/25,04:10 PM,05:10 PM,FALSE,TRUE,06/01/25,12:10 PM,01:10 PM,FREE,BUSY
06/03/25,06:45 PM,07:45 PM,Royals at Cardinals,Busch Stadium - St. Louis,"Local TV: FanDuel Sports Kansas City ----- Local Radio: 96.5 FM the Fan",06/03/25,06/03/25,09:45 PM,10:45 PM,FALSE,TRUE,06/03/25,05:45 PM,06:45 PM,FREE,BUSY
06/04/25,06:45 PM,07:45 PM,Royals at Cardinals,Busch Stadium - St. Louis,"Local TV: FanDuel Sports Kansas City ----- Local Radio: 96.5 FM the Fan",06/04/25,06/04/25,09:45 PM,10:45 PM,FALSE,TRUE,06/04/25,05:45 PM,06:45 PM,FREE,BUSY
06/05/25,06:45 PM,07:45 PM,Royals at Cardinals,Busch Stadium - St. Louis,"Local TV: FanDuel Sports Kansas City ----- Local Radio: 96.5 FM the Fan",06/05/25,06/05/25,09:45 PM,10:45 PM,FALSE,TRUE,06/05/25,05:45 PM,06:45 PM,FREE,BUSY
06/06/25,06:40 PM,07:40 PM,Royals at White Sox,Rate Field - Chicago,"Local TV: FanDuel Sports Kansas City ----- Local Radio: 96.5 FM the Fan",06/06/25,06/06/25,09:40 PM,10:40 PM,FALSE,TRUE,06/06/25,05:40 PM,06:40 PM,FREE,BUSY
06/07/25,03:10 PM,04:10 PM,Royals at White Sox,Rate Field - Chicago,"Local TV: FanDuel Sports Kansas City ----- Local Radio: 96.5 FM the Fan",06/07/25,06/07/25,06:10 PM,07:10 PM,FALSE,TRUE,06/07/25,02:10 PM,03:10 PM,FREE,BUSY
06/08/25,01:10 PM,02:10 PM,Royals at White Sox,Rate Field - Chicago,"Local TV: FanDuel Sports Kansas City ----- Local Radio: 96.5 FM the Fan",06/08/25,06/08/25,04:10 PM,05:10 PM,FALSE,TRUE,06/08/25,12:10 PM,01:10 PM,FREE,BUSY
06/10/25,06:40 PM,07:40 PM,Yankees at Royals,Kauffman Stadium - Kansas City,"Local TV: FanDuel Sports Kansas City- TBS ----- Local Radio: 96.5 FM the Fan",06/10/25,06/10/25,09:40 PM,10:40 PM,FALSE,TRUE,06/10/25,05:40 PM,06:40 PM,FREE,BUSY
06/11/25,06:40 PM,07:40 PM,Yankees at Royals,Kauffman Stadium - Kansas City,"Local TV: FanDuel Sports Kansas City ----- Local Radio: 96.5 FM the Fan",06/11/25,06/11/25,09:40 PM,10:40 PM,FALSE,TRUE,06/11/25,05:40 PM,06:40 PM,FREE,BUSY
06/12/25,06:40 PM,07:40 PM,Yankees at Royals,Kauffman Stadium - Kansas City,"Local TV: FanDuel Sports Kansas City- MLBN ----- Local Radio: 96.5 FM the Fan",06/12/25,06/12/25,09:40 PM,10:40 PM,FALSE,TRUE,06/12/25,05:40 PM,06:40 PM,FREE,BUSY
06/13/25,07:10 PM,08:10 PM,Athletics at Royals,Kauffman Stadium - Kansas City,"Local TV: FanDuel Sports Kansas City ----- Local Radio: 96.5 FM the Fan",06/13/25,06/13/25,10:10 PM,11:10 PM,FALSE,TRUE,06/13/25,06:10 PM,07:10 PM,FREE,BUSY
06/14/25,03:10 PM,04:10 PM,Athletics at Royals,Kauffman Stadium - Kansas City,"Local TV: FanDuel Sports Kansas City ----- Local Radio: 96.5 FM the Fan",06/14/25,06/14/25,06:10 PM,07:10 PM,FALSE,TRUE,06/14/25,02:10 PM,03:10 PM,FREE,BUSY
06/15/25,01:10 PM,02:10 PM,Athletics at Royals,Kauffman Stadium - Kansas City,"Local TV: FanDuel Sports Kansas City- KCTV5/KSMO ----- Local Radio: 96.5 FM the Fan",06/15/25,06/15/25,04:10 PM,05:10 PM,FALSE,TRUE,06/15/25,12:10 PM,01:10 PM,FREE,BUSY
06/17/25,07:05 PM,08:05 PM,Royals at Rangers,Globe Life Field - Arlington,"Local TV: FanDuel Sports Kansas City ----- Local Radio: 96.5 FM the Fan",06/17/25,06/17/25,10:05 PM,11:05 PM,FALSE,TRUE,06/17/25,06:05 PM,07:05 PM,FREE,BUSY
06/18/25,07:05 PM,08:05 PM,Royals at Rangers,Globe Life Field - Arlington,"Local TV: FanDuel Sports Kansas City ----- Local Radio: 96.5 FM the Fan",06/18/25,06/18/25,10:05 PM,11:05 PM,FALSE,TRUE,06/18/25,06:05 PM,07:05 PM,FREE,BUSY
06/19/25,01:35 PM,02:35 PM,Royals at Rangers,Globe Life Field - Arlington,"Local TV: FanDuel Sports Kansas City ----- Local Radio: 96.5 FM the Fan",06/19/25,06/19/25,04:35 PM,05:35 PM,FALSE,TRUE,06/19/25,12:35 PM,01:35 PM,FREE,BUSY
06/20/25,08:40 PM,09:40 PM,Royals at Padres,Petco Park - San Diego,"Local TV: Apple TV+ ----- Local Radio: 96.5 FM the Fan",06/20/25,06/21/25,11:40 PM,12:40 AM,FALSE,TRUE,06/20/25,07:40 PM,08:40 PM,FREE,BUSY
06/21/25,06:15 PM,07:15 PM,Royals at Padres,Petco Park - San Diego,"Local TV: FOX ----- Local Radio: 96.5 FM the Fan",06/21/25,06/21/25,09:15 PM,10:15 PM,FALSE,TRUE,06/21/25,05:15 PM,06:15 PM,FREE,BUSY
06/22/25,03:10 PM,04:10 PM,Royals at Padres,Petco Park - San Diego,"Local TV: FanDuel Sports Kansas City ----- Local Radio: 96.5 FM the Fan",06/22/25,06/22/25,06:10 PM,07:10 PM,FALSE,TRUE,06/22/25,02:10 PM,03:10 PM,FREE,BUSY
06/24/25,06:40 PM,07:40 PM,Rays at Royals,Kauffman Stadium - Kansas City,"Local TV: FanDuel Sports Kansas City ----- Local Radio: 96.5 FM the Fan",06/24/25,06/24/25,09:40 PM,10:40 PM,FALSE,TRUE,06/24/25,05:40 PM,06:40 PM,FREE,BUSY
06/25/25,06:40 PM,07:40 PM,Rays at Royals,Kauffman Stadium - Kansas City,"Local TV: FanDuel Sports Kansas City ----- Local Radio: 96.5 FM the Fan",06/25/25,06/25/25,09:40 PM,10:40 PM,FALSE,TRUE,06/25/25,05:40 PM,06:40 PM,FREE,BUSY
06/26/25,01:10 PM,02:10 PM,Rays at Royals,Kauffman Stadium - Kansas City,"Local Radio: 96.5 FM the Fan",06/26/25,06/26/25,04:10 PM,05:10 PM,FALSE,TRUE,06/26/25,12:10 PM,01:10 PM,FREE,BUSY
06/27/25,07:10 PM,08:10 PM,Dodgers at Royals,Kauffman Stadium - Kansas City,"Local TV: FanDuel Sports Kansas City ----- Local Radio: 96.5 FM the Fan",06/27/25,06/27/25,10:10 PM,11:10 PM,FALSE,TRUE,06/27/25,06:10 PM,07:10 PM,FREE,BUSY
06/28/25,03:10 PM,04:10 PM,Dodgers at Royals,Kauffman Stadium - Kansas City,"Local TV: FanDuel Sports Kansas City ----- Local Radio: 96.5 FM the Fan",06/28/25,06/28/25,06:10 PM,07:10 PM,FALSE,TRUE,06/28/25,02:10 PM,03:10 PM,FREE,BUSY
06/29/25,01:10 PM,02:10 PM,Dodgers at Royals,Kauffman Stadium - Kansas City,"Local TV: FanDuel Sports Kansas City ----- Local Radio: 96.5 FM the Fan",06/29/25,06/29/25,04:10 PM,05:10 PM,FALSE,TRUE,06/29/25,12:10 PM,01:10 PM,FREE,BUSY
06/30/25,08:40 PM,09:40 PM,Royals at Mariners,T-Mobile Park - Seattle,"Local TV: FanDuel Sports Kansas City ----- Local Radio: 96.5 FM the Fan",06/30/25,07/01/25,11:40 PM,12:40 AM,FALSE,TRUE,06/30/25,07:40 PM,08:40 PM,FREE,BUSY
07/01/25,08:40 PM,09:40 PM,Royals at Mariners,T-Mobile Park - Seattle,"Local TV: FanDuel Sports Kansas City ----- Local Radio: 96.5 FM the Fan",07/01/25,07/02/25,11:40 PM,12:40 AM,FALSE,TRUE,07/01/25,07:40 PM,08:40 PM,FREE,BUSY
07/02/25,08:40 PM,09:40 PM,Royals at Mariners,T-Mobile Park - Seattle,"Local TV: FanDuel Sports Kansas City ----- Local Radio: 96.5 FM the Fan",07/02/25,07/03/25,11:40 PM,12:40 AM,FALSE,TRUE,07/02/25,07:40 PM,08:40 PM,FREE,BUSY
07/03/25,09:10 PM,10:10 PM,Royals at Mariners,T-Mobile Park - Seattle,"Local TV: FanDuel Sports Kansas City ----- Local Radio: 96.5 FM the Fan",07/04/25,07/04/25,12:10 AM,01:10 AM,FALSE,TRUE,07/03/25,08:10 PM,09:10 PM,FREE,BUSY
07/04/25,08:40 PM,09:40 PM,Royals at D-backs,Chase Field - Phoenix,"Local TV: FanDuel Sports Kansas City ----- Local Radio: 96.5 FM the Fan",07/04/25,07/05/25,11:40 PM,12:40 AM,FALSE,TRUE,07/04/25,07:40 PM,08:40 PM,FREE,BUSY
07/05/25,03:10 PM,04:10 PM,Royals at D-backs,Chase Field - Phoenix,"Local TV: FanDuel Sports Kansas City ----- Local Radio: 96.5 FM the Fan",07/05/25,07/05/25,06:10 PM,07:10 PM,FALSE,TRUE,07/05/25,02:10 PM,03:10 PM,FREE,BUSY
07/06/25,03:10 PM,04:10 PM,Royals at D-backs,Chase Field - Phoenix,"Local TV: FanDuel Sports Kansas City ----- Local Radio: 96.5 FM the Fan",07/06/25,07/06/25,06:10 PM,07:10 PM,FALSE,TRUE,07/06/25,02:10 PM,03:10 PM,FREE,BUSY
07/07/25,06:40 PM,07:40 PM,Pirates at Royals,Kauffman Stadium - Kansas City,"Local TV: FanDuel Sports Kansas City ----- Local Radio: 96.5 FM the Fan",07/07/25,07/07/25,09:40 PM,10:40 PM,FALSE,TRUE,07/07/25,05:40 PM,06:40 PM,FREE,BUSY
07/08/25,06:40 PM,07:40 PM,Pirates at Royals,Kauffman Stadium - Kansas City,"Local TV: FanDuel Sports Kansas City ----- Local Radio: 96.5 FM the Fan",07/08/25,07/08/25,09:40 PM,10:40 PM,FALSE,TRUE,07/08/25,05:40 PM,06:40 PM,FREE,BUSY
07/09/25,06:40 PM,07:40 PM,Pirates at Royals,Kauffman Stadium - Kansas City,"Local TV: FanDuel Sports Kansas City ----- Local Radio: 96.5 FM the Fan",07/09/25,07/09/25,09:40 PM,10:40 PM,FALSE,TRUE,07/09/25,05:40 PM,06:40 PM,FREE,BUSY
07/11/25,07:10 PM,08:10 PM,Mets at Royals,Kauffman Stadium - Kansas City,"Local TV: FanDuel Sports Kansas City ----- Local Radio: 96.5 FM the Fan",07/11/25,07/11/25,10:10 PM,11:10 PM,FALSE,TRUE,07/11/25,06:10 PM,07:10 PM,FREE,BUSY
07/12/25,03:10 PM,04:10 PM,Mets at Royals,Kauffman Stadium - Kansas City,"Local TV: FanDuel Sports Kansas City ----- Local Radio: 96.5 FM the Fan",07/12/25,07/12/25,06:10 PM,07:10 PM,FALSE,TRUE,07/12/25,02:10 PM,03:10 PM,FREE,BUSY
07/13/25,01:10 PM,02:10 PM,Mets at Royals,Kauffman Stadium - Kansas City,"Local TV: FanDuel Sports Kansas City ----- Local Radio: 96.5 FM the Fan",07/13/25,07/13/25,04:10 PM,05:10 PM,FALSE,TRUE,07/13/25,12:10 PM,01:10 PM,FREE,BUSY
07/18/25,06:10 PM,07:10 PM,Royals at Marlins,loanDepot park - Miami,"Local TV: FanDuel Sports Kansas City ----- Local Radio: 96.5 FM the Fan",07/18/25,07/18/25,09:10 PM,10:10 PM,FALSE,TRUE,07/18/25,05:10 PM,06:10 PM,FREE,BUSY
07/19/25,03:10 PM,04:10 PM,Royals at Marlins,loanDepot park - Miami,"Local TV: FanDuel Sports Kansas City ----- Local Radio: 96.5 FM the Fan",07/19/25,07/19/25,06:10 PM,07:10 PM,FALSE,TRUE,07/19/25,02:10 PM,03:10 PM,FREE,BUSY
07/20/25,12:40 PM,01:40 PM,Royals at Marlins,loanDepot park - Miami,"Local TV: FanDuel Sports Kansas City- KCTV5/KSMO ----- Local Radio: 96.5 FM the Fan",07/20/25,07/20/25,03:40 PM,04:40 PM,FALSE,TRUE,07/20/25,11:40 AM,12:40 PM,FREE,BUSY
07/21/25,07:05 PM,08:05 PM,Royals at Cubs,Wrigley Field - Chicago,"Local TV: FanDuel Sports Kansas City ----- Local Radio: 96.5 FM the Fan",07/21/25,07/21/25,10:05 PM,11:05 PM,FALSE,TRUE,07/21/25,06:05 PM,07:05 PM,FREE,BUSY
07/22/25,07:05 PM,08:05 PM,Royals at Cubs,Wrigley Field - Chicago,"Local TV: FanDuel Sports Kansas City ----- Local Radio: 96.5 FM the Fan",07/22/25,07/22/25,10:05 PM,11:05 PM,FALSE,TRUE,07/22/25,06:05 PM,07:05 PM,FREE,BUSY
07/23/25,01:20 PM,02:20 PM,Royals at Cubs,Wrigley Field - Chicago,"Local TV: FanDuel Sports Kansas City ----- Local Radio: 96.5 FM the Fan",07/23/25,07/23/25,04:20 PM,05:20 PM,FALSE,TRUE,07/23/25,12:20 PM,01:20 PM,FREE,BUSY
07/25/25,07:10 PM,08:10 PM,Guardians at Royals,Kauffman Stadium - Kansas City,"Local TV: FanDuel Sports Kansas City ----- Local Radio: 96.5 FM the Fan",07/25/25,07/25/25,10:10 PM,11:10 PM,FALSE,TRUE,07/25/25,06:10 PM,07:10 PM,FREE,BUSY
07/26/25,06:15 PM,07:15 PM,Guardians at Royals,Kauffman Stadium - Kansas City,"Local TV: FOX ----- Local Radio: 96.5 FM the Fan",07/26/25,07/26/25,09:15 PM,10:15 PM,FALSE,TRUE,07/26/25,05:15 PM,06:15 PM,FREE,BUSY
07/27/25,01:10 PM,02:10 PM,Guardians at Royals,Kauffman Stadium - Kansas City,"Local TV: FanDuel Sports Kansas City ----- Local Radio: 96.5 FM the Fan",07/27/25,07/27/25,04:10 PM,05:10 PM,FALSE,TRUE,07/27/25,12:10 PM,01:10 PM,FREE,BUSY
07/28/25,06:40 PM,07:40 PM,Braves at Royals,Kauffman Stadium - Kansas City,"Local TV: FanDuel Sports Kansas City ----- Local Radio: 96.5 FM the Fan",07/28/25,07/28/25,09:40 PM,10:40 PM,FALSE,TRUE,07/28/25,05:40 PM,06:40 PM,FREE,BUSY
07/29/25,06:40 PM,07:40 PM,Braves at Royals,Kauffman Stadium - Kansas City,"Local TV: FanDuel Sports Kansas City ----- Local Radio: 96.5 FM the Fan",07/29/25,07/29/25,09:40 PM,10:40 PM,FALSE,TRUE,07/29/25,05:40 PM,06:40 PM,FREE,BUSY
07/30/25,01:10 PM,02:10 PM,Braves at Royals,Kauffman Stadium - Kansas City,"Local TV: FanDuel Sports Kansas City ----- Local Radio: 96.5 FM the Fan",07/30/25,07/30/25,04:10 PM,05:10 PM,FALSE,TRUE,07/30/25,12:10 PM,01:10 PM,FREE,BUSY
08/01/25,06:07 PM,07:07 PM,Royals at Blue Jays,Rogers Centre - Toronto,"Local TV: FanDuel Sports Kansas City ----- Local Radio: 96.5 FM the Fan",08/01/25,08/01/25,09:07 PM,10:07 PM,FALSE,TRUE,08/01/25,05:07 PM,06:07 PM,FREE,BUSY
08/02/25,02:07 PM,03:07 PM,Royals at Blue Jays,Rogers Centre - Toronto,"Local TV: FanDuel Sports Kansas City ----- Local Radio: 96.5 FM the Fan",08/02/25,08/02/25,05:07 PM,06:07 PM,FALSE,TRUE,08/02/25,01:07 PM,02:07 PM,FREE,BUSY
08/03/25,12:37 PM,01:37 PM,Royals at Blue Jays,Rogers Centre - Toronto,"Local TV: FanDuel Sports Kansas City ----- Local Radio: 96.5 FM the Fan",08/03/25,08/03/25,03:37 PM,04:37 PM,FALSE,TRUE,08/03/25,11:37 AM,12:37 PM,FREE,BUSY
08/04/25,06:10 PM,07:10 PM,Royals at Red Sox,Fenway Park - Boston,"Local TV: FanDuel Sports Kansas City ----- Local Radio: 96.5 FM the Fan",08/04/25,08/04/25,09:10 PM,10:10 PM,FALSE,TRUE,08/04/25,05:10 PM,06:10 PM,FREE,BUSY
08/05/25,06:10 PM,07:10 PM,Royals at Red Sox,Fenway Park - Boston,"Local TV: FanDuel Sports Kansas City ----- Local Radio: 96.5 FM the Fan",08/05/25,08/05/25,09:10 PM,10:10 PM,FALSE,TRUE,08/05/25,05:10 PM,06:10 PM,FREE,BUSY
08/06/25,06:10 PM,07:10 PM,Royals at Red Sox,Fenway Park - Boston,"Local TV: FanDuel Sports Kansas City ----- Local Radio: 96.5 FM the Fan",08/06/25,08/06/25,09:10 PM,10:10 PM,FALSE,TRUE,08/06/25,05:10 PM,06:10 PM,FREE,BUSY
08/08/25,07:10 PM,08:10 PM,Royals at Twins,Target Field - Minneapolis,"Local TV: FanDuel Sports Kansas City ----- Local Radio: 96.5 FM the Fan",08/08/25,08/08/25,10:10 PM,11:10 PM,FALSE,TRUE,08/08/25,06:10 PM,07:10 PM,FREE,BUSY
08/09/25,06:10 PM,07:10 PM,Royals at Twins,Target Field - Minneapolis,"Local TV: FanDuel Sports Kansas City ----- Local Radio: 96.5 FM the Fan",08/09/25,08/09/25,09:10 PM,10:10 PM,FALSE,TRUE,08/09/25,05:10 PM,06:10 PM,FREE,BUSY
08/10/25,12:05 PM,01:05 PM,Royals at Twins,Target Field - Minneapolis,"Local TV: Roku ----- Local Radio: 96.5 FM the Fan",08/10/25,08/10/25,03:05 PM,04:05 PM,FALSE,TRUE,08/10/25,11:05 AM,12:05 PM,FREE,BUSY
08/11/25,06:40 PM,07:40 PM,Nationals at Royals,Kauffman Stadium - Kansas City,"Local TV: FanDuel Sports Kansas City ----- Local Radio: 96.5 FM the Fan",08/11/25,08/11/25,09:40 PM,10:40 PM,FALSE,TRUE,08/11/25,05:40 PM,06:40 PM,FREE,BUSY
08/12/25,06:40 PM,07:40 PM,Nationals at Royals,Kauffman Stadium - Kansas City,"Local TV: FanDuel Sports Kansas City ----- Local Radio: 96.5 FM the Fan",08/12/25,08/12/25,09:40 PM,10:40 PM,FALSE,TRUE,08/12/25,05:40 PM,06:40 PM,FREE,BUSY
08/13/25,01:10 PM,02:10 PM,Nationals at Royals,Kauffman Stadium - Kansas City,"Local TV: FanDuel Sports Kansas City ----- Local Radio: 96.5 FM the Fan",08/13/25,08/13/25,04:10 PM,05:10 PM,FALSE,TRUE,08/13/25,12:10 PM,01:10 PM,FREE,BUSY
08/15/25,07:10 PM,08:10 PM,White Sox at Royals,Kauffman Stadium - Kansas City,"Local TV: FanDuel Sports Kansas City ----- Local Radio: 96.5 FM the Fan",08/15/25,08/15/25,10:10 PM,11:10 PM,FALSE,TRUE,08/15/25,06:10 PM,07:10 PM,FREE,BUSY
08/16/25,06:10 PM,07:10 PM,White Sox at Royals,Kauffman Stadium - Kansas City,"Local TV: FanDuel Sports Kansas City ----- Local Radio: 96.5 FM the Fan",08/16/25,08/16/25,09:10 PM,10:10 PM,FALSE,TRUE,08/16/25,05:10 PM,06:10 PM,FREE,BUSY
08/17/25,01:10 PM,02:10 PM,White Sox at Royals,Kauffman Stadium - Kansas City,"Local TV: FanDuel Sports Kansas City- KCTV5/KSMO ----- Local Radio: 96.5 FM the Fan",08/17/25,08/17/25,04:10 PM,05:10 PM,FALSE,TRUE,08/17/25,12:10 PM,01:10 PM,FREE,BUSY
08/18/25,06:40 PM,07:40 PM,Rangers at Royals,Kauffman Stadium - Kansas City,"Local TV: FanDuel Sports Kansas City ----- Local Radio: 96.5 FM the Fan",08/18/25,08/18/25,09:40 PM,10:40 PM,FALSE,TRUE,08/18/25,05:40 PM,06:40 PM,FREE,BUSY
08/19/25,06:40 PM,07:40 PM,Rangers at Royals,Kauffman Stadium - Kansas City,"Local TV: FanDuel Sports Kansas City ----- Local Radio: 96.5 FM the Fan",08/19/25,08/19/25,09:40 PM,10:40 PM,FALSE,TRUE,08/19/25,05:40 PM,06:40 PM,FREE,BUSY
08/20/25,06:40 PM,07:40 PM,Rangers at Royals,Kauffman Stadium - Kansas City,"Local TV: FanDuel Sports Kansas City ----- Local Radio: 96.5 FM the Fan",08/20/25,08/20/25,09:40 PM,10:40 PM,FALSE,TRUE,08/20/25,05:40 PM,06:40 PM,FREE,BUSY
08/21/25,01:10 PM,02:10 PM,Rangers at Royals,Kauffman Stadium - Kansas City,"Local TV: FanDuel Sports Kansas City ----- Local Radio: 96.5 FM the Fan",08/21/25,08/21/25,04:10 PM,05:10 PM,FALSE,TRUE,08/21/25,12:10 PM,01:10 PM,FREE,BUSY
08/22/25,06:10 PM,07:10 PM,Royals at Tigers,Comerica Park - Detroit,"Local TV: FanDuel Sports Kansas City ----- Local Radio: 96.5 FM the Fan",08/22/25,08/22/25,09:10 PM,10:10 PM,FALSE,TRUE,08/22/25,05:10 PM,06:10 PM,FREE,BUSY
08/23/25,05:10 PM,06:10 PM,Royals at Tigers,Comerica Park - Detroit,"Local TV: FanDuel Sports Kansas City ----- Local Radio: 96.5 FM the Fan",08/23/25,08/23/25,08:10 PM,09:10 PM,FALSE,TRUE,08/23/25,04:10 PM,05:10 PM,FREE,BUSY
08/24/25,12:40 PM,01:40 PM,Royals at Tigers,Comerica Park - Detroit,"Local TV: FanDuel Sports Kansas City- KCTV5/KSMO ----- Local Radio: 96.5 FM the Fan",08/24/25,08/24/25,03:40 PM,04:40 PM,FALSE,TRUE,08/24/25,11:40 AM,12:40 PM,FREE,BUSY
08/25/25,06:40 PM,07:40 PM,Royals at White Sox,Rate Field - Chicago,"Local TV: FanDuel Sports Kansas City ----- Local Radio: 96.5 FM the Fan",08/25/25,08/25/25,09:40 PM,10:40 PM,FALSE,TRUE,08/25/25,05:40 PM,06:40 PM,FREE,BUSY
08/26/25,06:40 PM,07:40 PM,Royals at White Sox,Rate Field - Chicago,"Local TV: FanDuel Sports Kansas City ----- Local Radio: 96.5 FM the Fan",08/26/25,08/26/25,09:40 PM,10:40 PM,FALSE,TRUE,08/26/25,05:40 PM,06:40 PM,FREE,BUSY
08/27/25,06:40 PM,07:40 PM,Royals at White Sox,Rate Field - Chicago,"Local TV: FanDuel Sports Kansas City ----- Local Radio: 96.5 FM the Fan",08/27/25,08/27/25,09:40 PM,10:40 PM,FALSE,TRUE,08/27/25,05:40 PM,06:40 PM,FREE,BUSY
08/29/25,07:10 PM,08:10 PM,Tigers at Royals,Kauffman Stadium - Kansas City,"Local TV: FanDuel Sports Kansas City ----- Local Radio: 96.5 FM the Fan",08/29/25,08/29/25,10:10 PM,11:10 PM,FALSE,TRUE,08/29/25,06:10 PM,07:10 PM,FREE,BUSY
08/30/25,06:15 PM,07:15 PM,Tigers at Royals,Kauffman Stadium - Kansas City,"Local TV: FOX ----- Local Radio: 96.5 FM the Fan",08/30/25,08/30/25,09:15 PM,10:15 PM,FALSE,TRUE,08/30/25,05:15 PM,06:15 PM,FREE,BUSY
08/31/25,01:10 PM,02:10 PM,Tigers at Royals,Kauffman Stadium - Kansas City,"Local TV: FanDuel Sports Kansas City- KCTV5/KSMO ----- Local Radio: 96.5 FM the Fan",08/31/25,08/31/25,04:10 PM,05:10 PM,FALSE,TRUE,08/31/25,12:10 PM,01:10 PM,FREE,BUSY
09/02/25,06:40 PM,07:40 PM,Angels at Royals,Kauffman Stadium - Kansas City,"Local TV: FanDuel Sports Kansas City ----- Local Radio: 96.5 FM the Fan",09/02/25,09/02/25,09:40 PM,10:40 PM,FALSE,TRUE,09/02/25,05:40 PM,06:40 PM,FREE,BUSY
09/03/25,06:40 PM,07:40 PM,Angels at Royals,Kauffman Stadium - Kansas City,"Local TV: FanDuel Sports Kansas City ----- Local Radio: 96.5 FM the Fan",09/03/25,09/03/25,09:40 PM,10:40 PM,FALSE,TRUE,09/03/25,05:40 PM,06:40 PM,FREE,BUSY
09/04/25,06:40 PM,07:40 PM,Angels at Royals,Kauffman Stadium - Kansas City,"Local TV: FanDuel Sports Kansas City ----- Local Radio: 96.5 FM the Fan",09/04/25,09/04/25,09:40 PM,10:40 PM,FALSE,TRUE,09/04/25,05:40 PM,06:40 PM,FREE,BUSY
09/05/25,06:40 PM,07:40 PM,Twins at Royals,Kauffman Stadium - Kansas City,"Local TV: FanDuel Sports Kansas City ----- Local Radio: 96.5 FM the Fan",09/05/25,09/05/25,09:40 PM,10:40 PM,FALSE,TRUE,09/05/25,05:40 PM,06:40 PM,FREE,BUSY
09/06/25,06:15 PM,07:15 PM,Twins at Royals,Kauffman Stadium - Kansas City,"Local TV: FOX ----- Local Radio: 96.5 FM the Fan",09/06/25,09/06/25,09:15 PM,10:15 PM,FALSE,TRUE,09/06/25,05:15 PM,06:15 PM,FREE,BUSY
09/07/25,01:10 PM,02:10 PM,Twins at Royals,Kauffman Stadium - Kansas City,"Local TV: FanDuel Sports Kansas City ----- Local Radio: 96.5 FM the Fan",09/07/25,09/07/25,04:10 PM,05:10 PM,FALSE,TRUE,09/07/25,12:10 PM,01:10 PM,FREE,BUSY
09/08/25,05:40 PM,06:40 PM,Royals at Guardians,Progressive Field - Cleveland,"Local TV: FanDuel Sports Kansas City ----- Local Radio: 96.5 FM the Fan",09/08/25,09/08/25,08:40 PM,09:40 PM,FALSE,TRUE,09/08/25,04:40 PM,05:40 PM,FREE,BUSY
09/09/25,05:40 PM,06:40 PM,Royals at Guardians,Progressive Field - Cleveland,"Local TV: FanDuel Sports Kansas City ----- Local Radio: 96.5 FM the Fan",09/09/25,09/09/25,08:40 PM,09:40 PM,FALSE,TRUE,09/09/25,04:40 PM,05:40 PM,FREE,BUSY
09/10/25,05:40 PM,06:40 PM,Royals at Guardians,Progressive Field - Cleveland,"Local TV: FanDuel Sports Kansas City ----- Local Radio: 96.5 FM the Fan",09/10/25,09/10/25,08:40 PM,09:40 PM,FALSE,TRUE,09/10/25,04:40 PM,05:40 PM,FREE,BUSY
09/11/25,06:15 PM,07:15 PM,Royals at Guardians,Progressive Field - Cleveland,"Local TV: FOX ----- Local Radio: 96.5 FM the Fan",09/11/25,09/11/25,09:15 PM,10:15 PM,FALSE,TRUE,09/11/25,05:15 PM,06:15 PM,FREE,BUSY
09/12/25,05:45 PM,06:45 PM,Royals at Phillies,Citizens Bank Park - Philadelphia,"Local TV: FanDuel Sports Kansas City ----- Local Radio: 96.5 FM the Fan",09/12/25,09/12/25,08:45 PM,09:45 PM,FALSE,TRUE,09/12/25,04:45 PM,05:45 PM,FREE,BUSY
09/13/25,05:05 PM,06:05 PM,Royals at Phillies,Citizens Bank Park - Philadelphia,"Local TV: FanDuel Sports Kansas City ----- Local Radio: 96.5 FM the Fan",09/13/25,09/13/25,08:05 PM,09:05 PM,FALSE,TRUE,09/13/25,04:05 PM,05:05 PM,FREE,BUSY
09/14/25,12:35 PM,01:35 PM,Royals at Phillies,Citizens Bank Park - Philadelphia,"Local TV: FanDuel Sports Kansas City ----- Local Radio: 96.5 FM the Fan",09/14/25,09/14/25,03:35 PM,04:35 PM,FALSE,TRUE,09/14/25,11:35 AM,12:35 PM,FREE,BUSY
09/16/25,06:40 PM,07:40 PM,Mariners at Royals,Kauffman Stadium - Kansas City,"Local TV: FanDuel Sports Kansas City ----- Local Radio: 96.5 FM the Fan",09/16/25,09/16/25,09:40 PM,10:40 PM,FALSE,TRUE,09/16/25,05:40 PM,06:40 PM,FREE,BUSY
09/17/25,06:40 PM,07:40 PM,Mariners at Royals,Kauffman Stadium - Kansas City,"Local TV: FanDuel Sports Kansas City ----- Local Radio: 96.5 FM the Fan",09/17/25,09/17/25,09:40 PM,10:40 PM,FALSE,TRUE,09/17/25,05:40 PM,06:40 PM,FREE,BUSY
09/18/25,01:10 PM,02:10 PM,Mariners at Royals,Kauffman Stadium - Kansas City,"Local TV: FanDuel Sports Kansas City ----- Local Radio: 96.5 FM the Fan",09/18/25,09/18/25,04:10 PM,05:10 PM,FALSE,TRUE,09/18/25,12:10 PM,01:10 PM,FREE,BUSY
09/19/25,06:40 PM,07:40 PM,Blue Jays at Royals,Kauffman Stadium - Kansas City,"Local TV: FanDuel Sports Kansas City ----- Local Radio: 96.5 FM the Fan",09/19/25,09/19/25,09:40 PM,10:40 PM,FALSE,TRUE,09/19/25,05:40 PM,06:40 PM,FREE,BUSY
09/20/25,06:10 PM,07:10 PM,Blue Jays at Royals,Kauffman Stadium - Kansas City,"Local TV: FanDuel Sports Kansas City ----- Local Radio: 96.5 FM the Fan",09/20/25,09/20/25,09:10 PM,10:10 PM,FALSE,TRUE,09/20/25,05:10 PM,06:10 PM,FREE,BUSY
09/21/25,01:10 PM,02:10 PM,Blue Jays at Royals,Kauffman Stadium - Kansas City,"Local TV: FanDuel Sports Kansas City ----- Local Radio: 96.5 FM the Fan",09/21/25,09/21/25,04:10 PM,05:10 PM,FALSE,TRUE,09/21/25,12:10 PM,01:10 PM,FREE,BUSY
09/23/25,08:38 PM,09:38 PM,Royals at Angels,Angel Stadium - Anaheim,"Local TV: FanDuel Sports Kansas City ----- Local Radio: 96.5 FM the Fan",09/23/25,09/24/25,11:38 PM,12:38 AM,FALSE,TRUE,09/23/25,07:38 PM,08:38 PM,FREE,BUSY
09/24/25,08:38 PM,09:38 PM,Royals at Angels,Angel Stadium - Anaheim,"Local TV: FanDuel Sports Kansas City ----- Local Radio: 96.5 FM the Fan",09/24/25,09/25/25,11:38 PM,12:38 AM,FALSE,TRUE,09/24/25,07:38 PM,08:38 PM,FREE,BUSY
09/25/25,08:38 PM,09:38 PM,Royals at Angels,Angel Stadium - Anaheim,"Local TV: FanDuel Sports Kansas City ----- Local Radio: 96.5 FM the Fan",09/25/25,09/26/25,11:38 PM,12:38 AM,FALSE,TRUE,09/25/25,07:38 PM,08:38 PM,FREE,BUSY
09/26/25,09:05 PM,10:05 PM,Royals at Athletics,Sutter Health Park - Sacramento,"Local TV: FanDuel Sports Kansas City ----- Local Radio: 96.5 FM the Fan",09/27/25,09/27/25,12:05 AM,01:05 AM,FALSE,TRUE,09/26/25,08:05 PM,09:05 PM,FREE,BUSY
09/27/25,09:05 PM,10:05 PM,Royals at Athletics,Sutter Health Park - Sacramento,"Local TV: FanDuel Sports Kansas City ----- Local Radio: 96.5 FM the Fan",09/28/25,09/28/25,12:05 AM,01:05 AM,FALSE,TRUE,09/27/25,08:05 PM,09:05 PM,FREE,BUSY
09/28/25,02:05 PM,03:05 PM,Royals at Athletics,Sutter Health Park - Sacramento,"Local TV: FanDuel Sports Kansas City ----- Local Radio: 96.5 FM the Fan",09/28/25,09/28/25,05:05 PM,06:05 PM,FALSE,TRUE,09/28/25,01:05 PM,02:05 PM,FREE,BUSY